Дата поста (UTC),Время поста,Количество лайков
2023-09-16,04:31:00,60
2024-09-22,09:09:50,28
2024-09-21,05:00:31,21
2024-09-19,09:15:00,27
2024-09-18,07:00:01,19
2024-09-17,08:32:00,83
2024-09-16,17:02:37,42
2024-09-16,14:13:10,26
2024-09-16,11:30:00,59
2024-09-16,05:27:16,20
2024-09-14,16:07:41,27
2024-09-14,04:53:52,12
2024-09-12,08:58:52,24
2024-09-11,16:31:00,61
2024-09-11,09:34:10,18
2024-09-10,08:40:59,46
2024-09-09,15:29:01,34
2024-09-08,07:07:00,28
2024-09-07,07:33:00,34
2024-09-06,09:36:52,13
2024-09-05,11:15:00,59
2024-09-05,07:33:00,16
2024-09-04,14:00:40,39
2024-09-03,07:59:00,20
2024-09-02,15:32:27,39
2024-09-02,08:46:47,20
2024-09-01,20:02:11,20
2024-09-01,13:15:00,32
2024-09-01,09:15:00,31
2024-09-01,06:15:00,35
2024-08-31,08:15:00,66
2024-08-30,12:30:00,69
2024-08-30,07:30:00,20
2024-08-29,17:52:09,26
2024-08-29,07:58:00,58
2024-08-28,14:29:03,40
2024-08-28,09:40:52,44
2024-08-27,09:45:00,18
2024-08-26,10:27:37,33
2024-08-26,05:14:49,25
2024-08-25,06:14:00,37
2024-08-24,17:02:41,45
2024-08-24,04:11:00,35
2024-08-23,14:23:21,25
2024-08-23,09:54:00,60
2024-08-23,04:46:54,41
2024-08-22,13:56:38,28
2024-08-21,13:46:59,54
2024-08-21,04:31:23,54
2024-08-21,02:07:00,26
2024-08-20,14:54:06,26
2024-08-20,10:21:00,45
2024-08-20,08:01:26,69
2024-08-20,04:30:55,45
2024-08-19,13:52:05,60
2024-08-18,08:39:48,29
2024-08-17,15:33:12,72
2024-08-17,05:08:00,20
2024-08-16,07:47:00,44
2024-08-15,14:03:12,19
2024-08-14,17:27:58,41
2024-08-14,12:20:00,42
2024-08-14,07:47:00,12
2024-08-13,14:48:51,26
2024-08-13,05:34:09,19
2024-08-12,16:08:26,35
2024-08-11,10:42:39,41
2024-08-10,11:07:15,50
2024-08-09,07:42:00,27
2024-08-08,11:41:00,43
2024-08-08,06:50:00,16
2024-08-07,07:41:00,22
2024-08-06,09:46:00,24
2024-08-05,16:00:52,44
2024-08-04,06:44:00,41
2024-08-03,15:24:56,45
2024-08-02,07:03:43,59
2024-08-01,06:00:00,23
2024-07-31,06:11:43,14
2024-07-30,07:20:00,29
2024-07-29,04:58:01,24
2024-07-28,08:07:17,25
2024-07-27,14:34:40,13
2024-07-27,11:33:00,31
2024-07-27,08:25:14,33
2024-07-26,18:38:48,81
2024-07-26,13:20:35,18
2024-07-26,05:09:38,41
2024-07-25,12:07:00,35
2024-07-25,06:27:59,18
2024-07-23,17:04:45,42
2024-07-22,11:00:01,36
2024-07-22,06:12:43,15
2024-07-21,07:58:18,88
2024-07-20,07:14:00,50
2024-07-19,16:09:34,35
2024-07-19,15:22:41,44
2024-07-19,06:49:51,76
2024-07-18,13:39:30,60
2024-07-18,10:23:24,26
2024-07-17,13:30:00,37
2024-07-17,04:40:00,27
2024-07-16,09:41:29,45
2024-07-15,08:31:13,28
2024-07-13,13:31:08,26
2024-07-13,04:20:42,30
2024-07-12,05:53:14,58
2024-07-10,13:41:39,69
2024-07-09,07:15:36,43
2024-07-08,07:54:31,40
2024-07-07,06:15:00,38
2024-07-06,08:15:00,44
2024-07-05,04:15:00,52
2024-07-04,16:39:25,54
2024-07-04,10:33:05,14
2024-07-01,09:39:50,52
2024-06-30,08:45:54,30
2024-06-30,06:11:15,26
2024-06-29,07:49:45,17
2024-06-27,15:19:46,24
2024-06-26,07:16:21,46
2024-06-23,16:27:49,27
2024-06-22,14:56:34,52
2024-06-22,08:03:45,76
2024-06-20,05:35:32,40
2024-06-19,08:54:00,49
2024-06-17,17:20:53,45
2024-06-17,09:47:57,29
2024-06-16,08:30:16,33
2024-06-15,17:04:16,49
2024-06-15,09:43:49,22
2024-06-13,05:25:56,44
2024-06-12,17:56:00,44
2024-06-12,06:29:17,27
2024-06-11,05:42:55,61
2024-06-10,06:09:52,33
2024-06-09,19:22:52,18
2024-06-09,07:49:57,53
2024-06-09,04:30:00,30
2024-06-06,17:08:10,112
2024-06-06,05:34:36,26
2024-06-05,17:45:52,42
2024-06-05,07:02:46,22
2024-06-04,06:30:01,30
2024-06-03,13:00:36,41
2024-06-03,10:09:05,51
2024-06-02,09:58:01,41
2024-06-01,19:48:04,20
2024-06-01,19:36:12,45
2024-06-01,10:19:46,36
2024-06-01,06:01:53,30
2024-05-31,18:01:24,44
2024-05-31,06:30:01,28
2024-05-30,10:12:00,54
2024-05-30,07:23:00,22
2024-05-30,06:12:19,20
2024-05-29,09:20:00,31
2024-05-29,07:15:00,30
2024-05-28,13:25:19,17
2024-05-28,10:30:00,28
2024-05-28,04:30:00,31
2024-05-27,10:15:00,54
2024-05-27,07:32:00,28
2024-05-26,12:29:00,32
2024-05-26,10:29:57,51
2024-05-26,07:44:47,31
2024-05-25,11:32:21,42
2024-05-25,05:54:09,38
2024-05-24,05:13:00,38
2024-05-23,10:11:58,30
2024-05-22,18:34:45,40
2024-05-22,06:40:43,54
2024-05-21,10:11:26,22
2024-05-20,09:30:00,20
2024-05-20,08:10:12,24
2024-05-19,17:36:05,26
2024-05-19,13:16:54,22
2024-05-19,07:34:22,28
2024-05-18,08:26:19,35
2024-05-17,16:47:41,21
2024-05-16,14:50:49,27
2024-05-16,04:23:00,34
2024-05-15,17:28:40,5
2024-05-15,17:23:24,23
2024-05-15,13:56:45,21
2024-05-15,06:51:18,11
2024-05-15,05:30:00,28
2024-05-14,23:30:00,34
2024-05-14,09:47:35,61
2024-05-13,11:01:18,19
2024-05-13,08:24:18,24
2024-05-12,17:41:28,36
2024-05-10,04:47:14,28
2024-05-09,11:00:02,55
2024-05-09,06:17:22,11
2024-05-07,14:25:35,28
2024-05-06,18:20:17,52
2024-05-06,06:27:24,24
2024-05-05,13:30:00,29
2024-05-05,11:30:00,27
2024-05-05,09:42:00,34
2024-05-05,08:35:49,26
2024-05-04,04:46:19,15
2024-05-03,18:28:52,19
2024-05-03,06:50:51,40
2024-05-02,14:53:21,21
2024-05-02,06:02:21,47
2024-05-01,17:12:19,36
2024-05-01,06:15:02,14
2024-04-30,11:41:10,47
2024-04-29,10:00:02,90
2024-04-29,05:04:53,68
2024-04-28,16:03:09,46
2024-04-28,09:00:03,24
2024-04-28,05:42:12,17
2024-04-27,09:17:04,81
2024-04-26,16:49:25,39
2024-04-26,06:37:12,73
2024-04-24,07:05:57,16
2024-04-23,15:47:41,45
2024-04-23,14:42:40,21
2024-04-23,06:20:30,29
2024-04-22,17:35:20,62
2024-04-22,12:35:00,72
2024-04-22,11:00:02,24
2024-04-22,06:45:16,19
2024-04-21,19:15:00,63
2024-04-21,15:46:29,38
2024-04-21,14:23:23,37
2024-04-21,11:01:33,30
2024-04-21,09:20:34,37
2024-04-20,13:58:18,60
2024-04-20,13:39:05,35
2024-04-20,11:10:38,34
2024-04-20,07:09:07,21
2024-04-19,13:11:21,20
2024-04-19,08:38:09,34
2024-04-19,06:33:51,73
2024-04-18,16:16:32,40
2024-04-18,08:44:21,45
2024-04-17,08:36:45,32
2024-04-16,05:29:10,61
2024-04-15,16:25:44,41
2024-04-15,09:42:13,8
2024-04-14,15:52:41,52
2024-04-14,14:48:26,80
2024-04-14,08:21:57,54
2024-04-14,05:52:19,53
2024-04-13,15:48:35,22
2024-04-13,04:51:23,34
2024-04-09,15:45:02,43
2024-04-09,08:33:58,25
2024-04-08,06:49:03,27
2024-04-07,15:21:42,43
2024-04-07,08:30:00,58
2024-04-06,07:30:00,30
2024-04-06,04:33:17,18
2024-04-04,15:40:07,19
2024-04-04,07:00:03,56
2024-04-03,18:09:12,38
2024-04-03,08:02:22,71
2024-04-02,05:18:12,14
2024-03-31,15:44:39,34
2024-03-30,08:50:49,86
2024-03-28,08:30:00,70
2024-03-27,08:30:00,92
2024-03-26,18:56:53,46
2024-03-25,11:30:00,37
2024-03-25,07:28:00,34
2024-03-24,08:12:31,23
2024-03-22,16:53:16,52
2024-03-22,08:30:00,74
2024-03-21,15:23:00,36
2024-03-21,04:46:50,15
2024-03-20,08:44:02,86
2024-03-19,17:10:26,52
2024-03-18,15:29:50,43
2024-03-18,09:48:25,51
2024-03-17,07:29:02,51
2024-03-14,15:46:25,49
2024-03-14,09:07:22,50
2024-03-13,13:08:56,59
2024-03-13,06:25:52,55
2024-03-12,13:58:44,77
2024-03-12,09:47:01,55
2024-03-10,18:55:01,49
2024-03-10,14:46:08,22
2024-03-10,10:30:00,46
2024-03-10,09:31:00,45
2024-03-10,08:47:17,34
2024-03-09,18:58:31,56
2024-03-09,16:19:00,30
2024-03-09,14:31:33,39
2024-03-09,11:00:03,45
2024-03-09,09:19:17,38
2024-03-09,04:42:07,44
2024-03-09,04:29:05,45
2024-03-08,04:35:16,52
2024-03-07,01:05:30,70
2024-03-06,06:07:58,56
2024-03-05,07:00:09,89
2024-03-03,16:11:21,59
2024-03-01,10:00:02,22
2024-03-01,05:00:03,41
2024-02-29,21:00:01,37
2024-02-28,09:15:43,64
2024-02-28,04:00:01,59
2024-02-27,08:16:51,97
2024-02-26,11:26:42,92
2024-02-25,18:11:24,40
2024-02-25,09:56:57,34
2024-02-20,15:33:53,29
2024-02-20,13:46:29,44
2024-02-19,15:27:24,38
2024-02-18,18:02:59,40
2024-02-17,10:00:41,64
2024-02-16,08:04:30,19
2024-02-15,10:03:04,54
2024-02-14,07:05:32,14
2024-02-14,05:25:38,29
2024-02-11,18:27:40,31
2024-02-11,13:17:01,45
2024-02-10,15:41:22,58
2024-02-09,15:31:12,57
2024-02-08,13:52:55,75
2024-02-08,04:07:00,24
2024-02-07,15:18:38,14
2024-02-05,05:40:00,63
2024-02-04,15:12:15,34
2024-02-03,08:05:40,21
2024-02-02,09:25:00,10
2024-02-01,07:25:00,85
2024-01-28,14:35:47,47
2024-01-25,15:57:54,21
2024-01-25,05:46:00,77
2024-01-24,08:46:57,9
2024-01-23,21:00:00,142
2024-01-23,11:19:10,37
2024-01-22,10:46:51,14
2024-01-21,16:31:51,32
2024-01-17,10:49:01,20
2024-01-16,13:03:56,44
2024-01-16,08:41:04,29
2024-01-15,10:57:36,12
2024-01-14,19:10:28,31
2024-01-14,08:17:33,21
2024-01-13,14:12:46,24
2024-01-13,05:40:31,6
2024-01-10,05:16:00,16
2024-01-10,05:06:33,6
2024-01-09,06:50:44,17
2024-01-08,07:08:51,20
2024-01-07,16:32:22,23
2024-01-07,06:32:03,67
2024-01-05,15:59:09,16
2024-01-02,17:22:30,37
2024-01-01,08:00:01,55
2023-12-31,09:00:03,52
2023-12-31,07:57:25,17
2023-12-31,06:05:44,31
2023-12-29,15:37:22,13
2023-12-28,15:26:00,23
2023-12-28,11:42:07,78
2023-12-28,06:10:36,17
2023-12-24,21:24:00,12
2023-12-24,16:47:01,43
2023-12-24,05:30:00,46
2023-12-22,17:45:56,13
2023-12-22,07:09:00,84
2023-12-21,06:09:00,17
2023-12-20,16:12:55,22
2023-12-19,06:51:00,44
2023-12-18,08:26:00,66
2023-12-17,18:08:03,31
2023-12-16,07:01:03,47
2023-12-15,04:00:00,19
2023-12-14,15:27:19,26
2023-12-14,08:24:00,50
2023-12-13,06:09:19,69
2023-12-10,16:16:24,39
2023-12-10,08:09:14,80
2023-12-08,10:30:00,51
2023-12-08,07:15:00,26
2023-12-07,03:44:39,22
2023-12-03,16:31:55,59
2023-12-03,09:33:45,54
2023-12-02,08:00:01,28
2023-12-01,11:40:00,60
2023-12-01,07:19:00,50
2023-11-30,07:09:00,10
2023-11-26,17:17:20,48
2023-11-26,05:30:00,53
2023-11-24,18:52:31,37
2023-11-24,09:06:10,17
2023-11-21,08:47:28,22
2023-11-20,11:33:00,41
2023-11-19,18:13:41,52
2023-11-19,09:33:23,49
2023-11-19,07:02:35,8
2023-11-18,15:13:47,40
2023-11-17,09:21:33,49
2023-11-15,06:52:56,19
2023-11-12,16:43:44,42
2023-11-12,09:53:22,18
2023-11-11,19:00:45,61
2023-11-10,15:57:26,8
2023-11-08,09:44:06,50
2023-11-06,03:57:28,72
2023-11-05,16:10:50,63
2023-11-03,08:40:16,22
2023-11-02,14:22:09,20
2023-10-31,15:07:18,69
2023-10-31,12:36:22,10
2023-10-31,08:36:35,34
2023-10-31,01:35:00,18
2023-10-29,17:24:21,41
2023-10-29,09:57:08,24
2023-10-22,19:28:47,36
2023-10-21,17:25:46,35
2023-10-21,08:25:49,24
2023-10-20,06:00:00,13
2023-10-18,10:03:33,95
2023-10-17,16:28:38,27
2023-10-16,14:11:13,12
2023-10-15,14:45:16,81
2023-10-13,07:00:01,20
2023-10-09,10:28:31,42
2023-10-08,18:49:39,18
2023-10-05,19:22:04,47
2023-10-03,09:56:11,9
2023-10-01,18:12:52,39
2023-09-30,15:30:23,17
2023-09-28,10:34:44,18
2023-09-27,07:35:58,36
2023-09-26,16:19:01,103
2023-09-24,17:50:24,15
2023-09-19,08:41:12,46
2023-09-17,19:00:58,91
2023-09-15,11:17:00,59
2023-09-15,07:22:00,35
2023-09-14,16:08:05,16
2023-09-14,06:59:00,69
2023-09-13,06:52:37,63
2023-09-12,10:56:19,41
2023-09-10,16:18:25,34
2023-09-07,04:20:44,94
2023-09-05,10:14:08,59
2023-09-03,17:07:36,62
2023-09-02,16:05:13,4
2023-08-30,11:50:31,72
2023-08-29,13:36:17,15
2023-08-28,10:18:49,67
2023-08-27,17:05:59,43
2023-08-27,08:29:38,39
2023-08-24,06:41:28,69
2023-08-22,16:34:05,62
2023-08-20,16:01:03,61
2023-08-18,19:08:04,2
2023-08-13,14:53:10,60
2023-08-11,08:15:00,60
2023-08-10,14:00:59,88
2023-08-09,14:50:07,52
2023-08-06,15:03:47,49
2023-08-05,11:33:28,54
2023-08-01,12:52:17,6
2023-07-30,17:49:37,69
2023-07-29,09:41:03,30
2023-07-28,11:17:25,47
2023-07-27,10:50:43,88
2023-07-24,09:05:18,14
2023-07-22,16:31:52,10
2023-07-19,14:46:57,13
2023-07-14,15:04:30,56
2023-07-12,09:01:57,64
2023-07-07,08:15:33,76
2023-07-05,07:41:19,18
2023-07-03,07:06:13,72
2023-07-02,05:35:35,12
2023-06-27,15:59:05,11
2023-06-23,06:45:04,62
2023-06-22,14:34:25,7
2023-06-21,17:20:21,12
2023-06-19,19:44:55,14
2023-06-18,16:08:56,78
2023-06-16,17:58:18,73
2023-06-12,13:46:14,3
2023-06-07,08:28:19,16
2023-06-05,09:00:01,9
2023-05-31,09:34:18,17
2023-05-26,08:17:44,13
2023-05-24,08:47:20,14
2023-05-16,05:41:40,17
2023-05-09,07:37:51,37
2023-05-07,12:04:38,40
2023-04-30,10:22:44,18
2023-04-27,06:16:25,14
2023-04-25,06:43:57,4
2023-04-22,16:10:23,11
2023-04-22,15:06:02,6
2023-04-18,05:00:00,3
2023-04-12,05:00:00,6
2023-04-10,08:02:48,16
2023-04-06,13:37:59,19
2023-03-26,17:19:40,59
2023-03-06,14:55:11,114
2023-03-05,17:54:32,51
2023-02-28,22:00:00,22
2023-02-26,17:55:28,12
2023-02-25,18:51:38,8
2023-02-22,17:30:00,30
2023-02-20,08:52:12,34
2023-02-16,16:51:54,50
2023-02-16,07:43:48,8
2023-02-15,15:03:10,61
2023-02-15,13:42:33,5
2023-02-14,04:58:00,92
2023-02-04,08:11:28,61
2023-01-31,14:16:28,105
2023-01-30,14:31:40,9
2023-01-29,13:27:39,6
2023-01-27,15:22:21,45
2023-01-24,04:00:00,98
2023-01-21,16:00:02,3
2023-01-20,08:07:59,4
2023-01-18,14:09:11,64
2023-01-15,14:36:01,19
2023-01-14,19:19:04,22
2023-01-12,15:38:11,11
2023-01-10,16:30:16,89
2023-01-07,16:02:50,70
2023-01-05,15:24:13,4
2023-01-01,18:30:55,50
2023-01-01,11:27:23,3
2022-12-27,13:26:02,61
2022-12-20,05:41:12,47
2022-12-15,04:45:00,6
2022-12-14,16:10:15,25
2022-12-08,12:51:37,70
2022-12-02,10:26:13,14
2022-12-01,17:08:34,12
2022-11-27,14:40:20,68
2022-11-22,12:28:46,7
2022-11-17,08:50:14,10
2022-11-14,14:11:51,62
2022-11-09,22:00:00,18
2022-11-09,14:45:42,65
2022-11-01,18:34:54,10
2022-11-01,05:00:00,8
2022-10-29,04:00:00,7
2022-10-27,09:18:20,101
2022-10-26,15:42:41,12
2022-10-25,07:00:00,6
2022-10-24,09:30:07,66
2022-10-23,08:43:38,114
2022-10-23,08:39:39,3
2022-10-21,16:40:16,44
2022-10-21,16:20:59,10
2022-10-20,08:08:08,98
2022-10-16,16:04:39,10
2022-10-16,07:00:00,6
2022-10-13,09:19:10,10
2022-10-11,19:45:53,99
2022-10-08,08:16:46,12
2022-10-06,06:24:07,53
2022-10-04,17:13:16,58
2022-10-03,09:00:51,48
2022-10-02,07:00:00,4
2022-09-29,08:17:03,103
2022-09-29,08:12:10,95
2022-09-27,17:12:13,99
2022-09-25,19:25:20,83
2022-09-24,07:00:57,65
2022-09-23,08:11:47,127
2022-09-22,07:51:35,109
2022-09-21,15:58:04,6
2022-09-20,17:35:21,6
2022-09-15,18:28:00,48
2022-09-08,09:19:35,74
2022-09-01,17:37:33,9
2022-08-31,05:00:00,4
2022-08-30,17:50:11,11
2022-08-28,06:00:00,4
2022-08-27,07:45:00,5
2022-08-24,16:46:36,8
2022-08-23,10:21:30,49
2022-08-20,15:38:07,3
2022-08-19,05:14:00,32
2022-08-18,10:00:02,3
2022-08-14,18:01:24,2
2022-08-14,10:49:04,14
2022-08-14,06:22:00,93
2022-08-12,18:46:07,3
2022-08-11,15:51:43,6
2022-08-10,16:05:03,2
2022-08-03,06:47:09,3
2022-08-02,08:49:00,25
2022-08-01,11:40:00,44
2022-07-29,08:27:11,76
2022-07-28,08:06:00,4
2022-07-26,16:44:53,121
2022-07-23,08:05:16,4
2022-07-22,05:55:28,4
2022-07-20,18:12:39,8
2022-07-19,15:22:26,5
2022-07-17,08:11:40,3
2022-07-17,08:02:19,3
2022-07-15,17:59:43,65
2022-07-14,18:17:03,2
2022-07-12,18:22:27,57
2022-07-10,09:21:30,9
2022-07-05,18:41:53,72
2022-07-05,07:44:12,60
2022-07-04,05:53:21,8
2022-07-03,19:25:16,9
2022-06-28,17:37:48,7
2022-06-28,05:29:10,5
2022-06-24,14:04:27,4
2022-06-22,05:57:03,2
2022-06-21,16:31:09,6
2022-06-18,05:59:36,4
2022-06-14,16:51:47,5
2022-06-14,04:06:00,9
2022-06-13,15:51:38,9
2022-06-13,02:30:00,4
2022-06-12,16:35:30,4
2022-06-07,09:57:51,9
2022-06-05,17:50:24,55
2022-06-04,16:19:41,3
2022-06-02,13:45:43,3
2022-05-27,18:32:18,4
2022-05-22,03:00:00,3
2022-05-21,18:48:48,4
2022-05-21,13:15:55,13
2022-05-19,19:11:27,3
2022-05-16,17:44:38,4
2022-05-14,04:30:49,2
2022-05-13,03:06:00,3
2022-05-11,16:08:09,6
2022-05-07,17:35:57,11
2022-05-07,05:04:27,6
2022-05-02,17:31:50,6
2022-04-28,17:44:17,7
2022-04-26,19:20:30,6
2022-04-25,17:08:12,8
2022-04-23,16:40:06,2
2022-04-18,17:11:07,2
2022-04-17,16:28:56,7
2022-04-15,06:34:20,1
2022-04-10,18:04:07,1
2022-04-04,17:14:18,5
2022-04-02,19:15:41,3
2022-03-31,16:11:48,5
2022-03-27,19:57:48,7
2022-03-27,14:42:56,7
2022-03-25,15:59:19,3
2022-03-23,18:23:50,10
2022-03-20,07:38:10,3
2022-03-14,18:59:17,9
2022-03-12,05:29:29,2
2022-03-07,22:46:17,1
2022-03-07,18:19:03,6
2022-03-06,05:00:00,3
2022-03-02,13:17:39,4
2022-03-01,06:49:20,18
2022-02-28,23:00:00,2
2022-02-24,20:04:08,3
2022-02-04,17:05:37,1
2022-02-03,10:00:00,3
2022-01-31,17:38:42,2
2022-01-31,04:34:00,3
2022-01-29,00:00:00,2
2022-01-27,18:10:36,7
2022-01-25,15:15:39,3
2022-01-22,15:02:17,2
2022-01-19,08:31:00,4
2022-01-18,17:48:28,4
2022-01-16,14:10:42,3
2022-01-12,16:29:29,3
2022-01-11,19:34:25,2
2022-01-07,16:06:59,11
2022-01-04,10:30:00,1
2022-01-03,19:23:00,10
2022-01-02,14:50:43,0
2022-01-01,15:36:25,1
2022-01-01,07:55:45,5
2021-12-30,05:09:31,1
2021-12-29,15:30:19,8
2021-12-27,17:05:16,9
2021-12-24,05:39:16,6
2021-12-23,19:06:19,15
2021-12-23,04:00:00,2
2021-12-22,19:14:15,12
2021-12-22,16:21:39,4
2021-12-20,18:20:57,7
2021-12-20,18:05:36,20
2021-12-19,15:59:38,6
2021-12-14,04:19:00,4
2021-12-13,13:43:35,1
2021-12-11,16:38:27,1
2021-12-02,19:34:27,11
2021-11-26,16:43:04,1
2021-11-24,18:14:10,11
2021-11-23,17:13:34,0
2021-11-19,16:54:36,2
2021-11-18,19:04:32,0
2021-11-16,17:41:14,2
2021-11-16,17:31:10,0
2021-11-11,16:23:22,1
2021-11-10,18:16:15,1
2021-11-10,18:11:19,1
2021-11-10,17:57:49,1
2021-11-10,17:51:24,1
2021-11-09,18:36:42,1
2021-11-08,15:53:54,17
2021-11-06,16:37:35,2
2021-10-29,05:06:21,2
2021-10-29,04:55:24,1
2021-10-17,13:54:48,2
2021-10-16,18:52:44,8
2021-10-14,16:53:29,1
2021-10-12,17:45:05,7
2021-09-30,16:08:09,3
2021-09-29,15:23:29,14
2021-09-21,19:09:13,0
2021-09-20,16:14:42,0
2021-09-16,18:29:40,3
2021-09-04,17:11:06,12
2021-09-03,16:23:16,12
2021-08-25,18:56:33,0
2021-08-11,07:17:00,7
2021-08-05,15:14:45,1
2021-07-30,17:53:01,2
2021-07-26,19:06:21,11
2021-07-26,11:30:00,1
2021-07-24,18:33:39,0
2021-07-16,15:48:07,0
2021-07-13,11:30:00,5
2021-07-12,17:17:49,12
2021-07-10,06:18:04,2
2021-06-23,15:05:36,0
2021-06-22,14:53:35,9
2021-06-20,10:08:00,4
2021-06-18,10:30:00,3
2021-06-17,17:19:43,1
2021-06-16,17:44:59,1
2021-06-16,06:33:00,5
2021-06-13,17:38:18,3
2021-06-12,17:39:54,5
2021-06-10,19:40:00,0
2021-06-10,16:49:52,10
2021-05-31,14:36:23,0
2021-05-29,17:50:16,1
2021-05-22,17:39:14,1
2021-05-20,18:38:55,7
2021-05-18,16:12:19,0
2021-05-14,15:00:29,0
2021-05-12,13:47:59,0
2021-05-07,18:08:19,1
2021-05-01,15:02:03,1
2021-04-27,16:26:50,0
2021-04-24,18:55:45,1
2021-04-22,15:51:19,3
2021-04-16,15:47:36,1
2021-04-14,18:57:45,3
2021-04-13,19:04:17,1
2021-04-13,14:45:05,2
2021-04-09,17:37:20,3
2021-04-07,16:56:46,3
2021-04-05,14:06:32,3
2021-04-04,18:47:56,5
2021-04-01,18:30:01,1
2021-04-01,09:30:00,5
2021-03-28,16:41:53,5
2021-03-27,15:01:04,1
2021-03-23,17:04:32,1
2021-03-21,19:18:25,2
2021-03-19,18:00:01,2
2021-03-17,18:30:02,4
2021-03-17,13:30:52,3
2021-03-14,11:30:00,17
2021-03-10,11:30:00,3
2021-03-09,17:34:02,0
2021-03-08,12:19:16,1
2021-03-06,15:37:24,2
2021-03-05,05:54:37,12
2021-02-28,18:44:21,4
2021-02-26,02:30:00,3
2021-02-25,14:10:01,1
2021-02-21,17:31:26,10
2021-02-20,09:03:00,3
2021-02-19,09:00:04,2
2021-02-17,18:13:00,7
2021-02-15,18:46:25,11
2021-02-14,06:00:07,10
2021-02-12,16:01:31,1
2021-02-12,00:30:00,3
2021-02-09,18:00:06,1
2021-02-08,05:30:00,3
2021-02-05,14:25:51,2
2021-02-03,18:02:08,1
2021-02-02,16:25:10,2
2021-02-01,19:09:23,3
2021-01-29,16:09:42,1
2021-01-28,18:29:02,14
2021-01-25,19:32:22,3
2021-01-22,14:20:46,4
2021-01-20,18:46:44,0
2021-01-19,18:22:05,10
2021-01-19,08:03:00,2
2021-01-18,16:15:54,2
2021-01-17,06:00:00,3
2021-01-14,15:42:20,8
2021-01-12,19:00:34,1
2021-01-12,10:10:00,7
2021-01-12,04:22:36,1
2021-01-11,17:00:04,2
2021-01-09,18:12:53,13
2021-01-05,11:00:06,16
2021-01-03,10:00:05,1
2021-01-02,02:10:00,4
2021-01-01,17:08:20,0
2020-12-31,18:39:09,1
2020-12-31,08:30:01,12
2020-12-30,14:58:37,2
2020-12-29,18:07:41,1
2020-12-22,16:46:47,2
2020-12-21,10:00:02,5
2020-12-20,04:00:02,12
2020-12-19,05:24:00,3
2020-12-18,09:00:07,11
2020-12-17,04:24:00,3
2020-12-15,17:54:08,7
2020-12-12,10:00:05,1
2020-12-11,14:16:01,10
2020-12-09,15:36:02,4
2020-12-04,15:01:24,8
2020-11-26,17:08:38,4
2020-11-16,17:40:26,3
2020-11-10,15:32:35,4
2020-11-10,05:14:26,4
2020-11-10,03:15:51,3
2020-11-09,22:43:28,3
2020-11-09,22:31:56,3
2020-11-09,16:14:08,12
2020-11-09,15:40:00,3
2020-10-15,15:03:20,5
2020-09-27,07:19:30,14
2020-09-23,18:36:27,17
2020-09-22,04:35:01,3
2020-09-13,04:39:40,6
2020-09-11,15:28:46,5
2020-09-09,18:06:06,5
2020-09-04,15:23:35,0
2020-08-26,04:27:46,1
2020-08-25,04:39:14,2
2020-08-22,09:20:55,2
2020-08-09,18:38:07,17
2020-08-06,09:11:18,1
2020-07-22,07:55:17,4
2020-07-22,06:31:13,4
2020-07-22,04:47:14,0
2020-07-16,17:11:55,4
2020-07-12,06:47:12,1
2020-07-08,05:00:32,0
2020-07-01,08:18:06,1
2020-06-22,03:35:57,0
2020-06-16,07:26:53,0
2020-06-13,15:42:46,4
2020-06-02,04:17:18,2
2020-05-29,06:25:09,37
2020-05-23,07:05:21,3
2020-05-21,16:37:04,24
2020-05-04,15:03:48,8
2020-04-17,15:14:19,10
2020-04-10,18:01:37,2
2020-04-05,05:52:16,5
2020-03-27,05:53:43,0
2020-03-17,17:07:16,1
2020-03-07,02:07:38,10
2020-03-05,18:00:28,7
2020-03-04,05:50:28,3
2020-03-04,05:46:02,1
2020-03-02,04:39:53,3
2020-03-02,04:38:11,3
2020-02-28,05:19:13,0
2020-02-26,06:16:56,2
2020-02-24,04:14:31,3
2020-02-21,08:42:59,3
2020-02-10,08:37:28,3
2020-02-04,17:36:25,11
2020-02-03,18:29:15,6
2020-02-02,04:00:50,2
2020-02-01,05:12:01,1
2020-01-30,05:42:56,4
2020-01-25,17:51:13,1
2020-01-19,16:48:42,8
2020-01-15,14:32:49,4
2020-01-14,03:26:25,3
2020-01-11,18:41:57,5
2020-01-09,04:21:41,4
2020-01-02,17:52:48,13
2019-12-29,17:27:30,6
2019-12-27,14:41:53,2
2019-12-27,14:39:03,0
2019-12-18,03:58:38,2
2019-12-13,16:20:25,6
2019-11-25,17:52:48,6
2019-11-20,18:08:40,4
2019-11-18,18:22:52,5
2019-11-15,05:06:40,4
2019-11-14,16:01:40,4
2019-11-10,14:02:06,2
2019-11-10,01:44:46,1
2019-11-09,23:24:55,2
2019-10-31,14:39:04,8
2019-10-28,03:52:42,2
2019-10-17,16:42:28,6
2019-10-16,06:27:49,2
2019-10-16,06:09:13,1
2019-10-16,06:04:30,2
2019-10-15,15:28:29,5
2019-10-12,12:37:14,2
2019-09-21,07:30:44,7
2019-09-20,13:59:14,10
2019-09-15,17:30:14,5
2019-09-11,13:43:37,7
2019-09-08,03:22:07,5
2019-09-02,04:50:26,7
2019-08-31,19:26:29,6
2019-08-29,10:31:07,4
2019-08-24,18:06:05,4
2019-08-17,04:23:22,4
2019-08-15,17:52:16,16
2019-08-14,18:11:25,6
2019-08-14,13:27:46,3
2019-08-06,17:23:59,9
2019-08-01,03:39:16,3
2019-07-30,05:29:05,4
2019-07-22,18:17:14,11
2019-07-21,08:31:21,6
2019-07-19,15:13:23,6
2019-07-16,14:45:22,1
2019-07-13,07:00:29,3
2019-07-05,14:35:24,3
2019-07-05,03:23:10,6
2019-07-01,18:11:55,14
2019-06-30,16:07:32,8
2019-06-23,13:48:31,6
2019-06-21,13:04:31,3
2019-06-18,13:52:49,5
2019-06-17,15:48:05,5
2019-06-16,16:04:31,9
2019-06-07,12:19:25,5
2019-06-06,12:53:57,6
2019-06-05,11:34:24,2
2019-06-05,04:40:48,2
2019-06-03,04:04:06,2
2019-05-31,13:47:33,3
2019-05-31,04:34:20,2
2019-05-25,16:04:32,4
2019-05-21,09:07:25,14
2019-05-19,12:57:42,5
2019-05-17,17:58:38,3
2019-05-15,15:56:49,3
2019-05-13,18:12:02,8
2019-05-08,07:10:44,1
2019-05-03,18:21:29,4
2019-05-01,13:39:11,1
2019-05-01,04:53:01,3
2019-04-25,17:15:50,9
2019-04-21,18:21:37,0
2019-04-20,17:45:00,5
2019-04-18,17:20:00,4
2019-04-17,15:24:50,4
2019-04-14,06:45:50,2
2019-04-09,07:44:06,0
2019-04-07,18:25:06,4
2019-04-07,18:11:37,6
2019-04-07,17:30:05,0
2019-04-02,08:49:29,2
2019-04-01,18:11:32,0
2019-03-29,18:13:20,3
2019-03-25,16:45:39,8
2019-03-25,12:21:27,2
2019-03-23,19:20:22,1
2019-03-20,18:09:01,4
2019-03-20,05:01:41,2
2019-03-16,18:24:48,6
2019-03-07,06:54:30,3
2019-03-07,05:38:29,0
2019-03-02,18:05:15,1
2019-02-27,06:07:22,2
2019-02-22,08:15:23,2
2019-02-05,16:47:11,2
2019-02-01,17:06:33,2
2019-02-01,17:05:58,2
2019-01-24,15:37:04,2
2019-01-23,04:11:24,3
2019-01-19,15:27:42,7
2019-01-16,17:54:21,5
2019-01-11,15:03:33,7
2019-01-06,15:22:37,5
2018-12-19,16:31:07,11
2018-11-24,03:14:31,3
2018-11-10,16:53:40,3
2018-11-10,14:59:49,3
2018-11-10,04:17:12,3
2018-11-10,04:17:05,3
2018-11-10,03:41:12,3
2018-11-09,20:48:24,3
2018-11-09,20:20:20,3
2018-10-31,13:45:01,7
2018-10-18,07:11:11,2
2018-10-15,04:13:02,2
2018-10-10,04:17:29,4
2018-10-09,04:13:31,4
2018-10-05,17:07:20,3
2018-10-03,17:41:15,3
2018-09-30,09:26:08,5
2018-09-17,17:49:16,2
2018-09-09,17:21:18,3
2018-09-08,02:59:02,4
2018-08-25,18:09:31,3
2018-08-24,16:44:13,2
2018-08-21,17:40:17,6
2018-08-18,04:17:09,4
2018-08-16,15:37:42,3
2018-07-25,14:08:05,2
2018-07-24,17:28:01,3
2018-07-17,13:14:36,4
2018-07-16,17:11:17,2
2018-07-14,17:24:37,5
2018-07-04,14:36:24,3
2018-06-30,18:20:08,1
2018-06-29,04:52:50,2
2018-06-28,07:57:32,6
2018-06-26,15:23:05,2
2018-06-26,15:21:59,5
2018-06-23,11:07:06,0
2018-06-17,09:45:05,6
2018-06-15,07:17:26,2
2018-06-13,14:45:57,7
2018-06-08,04:44:12,4
2018-06-04,04:17:07,4
2018-05-30,15:10:02,0
2018-05-28,02:08:21,0
2018-05-23,03:50:01,2
2018-05-12,16:52:17,1
2018-05-11,04:37:32,3
2018-05-07,17:45:59,2
2018-04-21,13:14:53,0
2018-04-01,05:52:46,3
2018-03-28,12:42:19,0
2018-03-26,16:58:16,0
2018-03-17,04:51:30,1
2018-03-15,15:21:22,7
2018-03-14,15:56:54,2
2018-03-08,04:56:30,1
2018-03-08,04:53:57,1
2018-03-08,04:53:24,1
2018-02-25,16:14:54,0
2018-02-24,17:43:34,1
2018-02-21,15:35:58,1
2018-02-18,17:52:47,0
2018-02-17,13:26:02,0
2018-02-17,06:46:45,1
2018-02-16,05:53:26,4
2018-02-16,05:53:06,2
2018-02-14,15:09:16,1
2018-02-13,17:50:21,0
2018-02-13,06:32:05,3
2018-02-08,16:58:00,1
2018-02-02,18:08:48,2
2018-01-22,15:45:18,0
2018-01-20,17:57:12,0
2018-01-13,17:35:12,0
2018-01-12,17:58:08,2
2017-12-28,15:07:14,0
2017-12-25,17:50:40,0
2017-12-25,16:44:34,1
2017-12-22,17:52:58,1
2017-12-20,13:38:37,2
2017-12-17,15:47:03,0
2017-12-16,16:54:30,0
2017-12-15,02:40:48,0
2017-12-08,17:45:31,0
2017-12-07,04:15:37,1
2017-11-30,17:04:31,1
2017-11-20,15:02:48,1
2017-11-11,23:05:18,1
2017-11-10,18:35:16,1
2017-11-10,11:39:29,1
2017-11-10,09:03:27,1
2017-11-10,03:32:46,1
2017-11-09,21:11:49,1
2017-10-31,16:26:52,0
2017-10-31,10:13:10,1
2017-10-21,12:24:18,0
2017-10-14,17:27:20,1
2017-10-13,05:47:14,0
2017-10-08,16:47:15,1
2017-10-08,15:54:03,1
2017-10-08,15:34:00,0
2017-09-24,13:28:43,1
2017-09-18,14:58:06,1
2017-09-17,16:52:42,2
2017-09-05,16:21:03,2
2017-09-05,09:39:18,2
2017-08-27,13:42:24,1
2017-08-22,13:26:14,2
2017-08-20,17:07:43,3
2017-08-16,12:25:58,0
2017-08-13,15:02:56,1
2017-08-13,14:59:40,1
2017-08-12,17:40:29,5
2017-08-11,17:10:36,3
2017-08-04,16:23:43,1
2017-07-27,16:21:55,2
2017-07-24,14:54:49,2
2017-07-23,13:38:42,3
2017-07-22,13:43:23,9
2017-07-17,10:02:26,3
2017-07-16,15:09:03,0
2017-07-08,14:45:21,2
2017-07-07,15:57:24,4
2017-07-06,10:27:37,0
2017-06-29,16:01:51,1
2017-06-29,12:05:01,0
2017-06-26,14:24:19,0
2017-06-20,17:18:27,0
2017-06-16,13:29:13,2
2017-06-15,09:08:16,1
2017-06-11,14:54:01,0
2017-06-08,09:07:41,0
2017-06-07,15:27:54,6
2017-06-06,13:24:25,0
2017-06-04,15:17:15,3
2017-05-31,14:09:15,1
2017-05-31,14:03:19,0
2017-05-31,13:11:06,1
2017-05-26,13:55:00,0
2017-05-26,09:47:01,1
2017-05-26,09:41:18,1
2017-05-26,09:39:17,1
2017-05-24,14:42:09,1
2017-05-23,14:10:43,0
2017-05-22,09:21:17,3
2017-05-22,09:00:11,0
2017-05-22,08:59:17,0
2017-05-20,16:41:56,0
2017-05-20,14:19:28,1
2017-05-20,14:18:47,0
2017-05-07,17:02:12,0
2017-05-07,16:59:16,0
2017-04-28,15:34:52,2
2017-04-28,15:33:51,2
2017-04-27,13:15:08,0
2017-04-24,13:41:09,1
2017-04-23,16:31:33,2
2017-04-22,13:13:28,2
2017-04-18,13:49:14,1
2017-04-06,12:27:38,0
2017-04-05,16:41:45,1
2017-04-03,12:37:40,1
2017-03-28,14:27:11,1
2017-03-26,14:34:29,1
2017-03-25,13:01:59,0
2017-03-09,15:09:15,2
2017-03-05,09:38:17,2
2017-03-02,15:51:27,1
2017-03-01,12:28:50,2
2017-02-27,14:22:51,1
2017-02-25,12:58:08,2
2017-02-25,12:45:11,3
2017-02-23,14:56:13,2
2017-02-22,12:55:49,1
2017-02-14,12:30:44,1
2017-02-14,12:27:57,1
2017-01-21,13:36:52,3
2017-01-17,13:01:07,4
2016-12-31,16:32:39,3
2016-12-31,13:40:45,2
2016-12-31,12:01:58,2
2016-12-16,16:16:13,1
2016-12-13,09:30:28,1
2016-11-10,18:00:54,1
2016-11-10,16:25:50,1
2016-11-10,15:40:38,4
2016-11-10,13:46:06,1
2016-11-10,12:07:46,1
2016-11-10,11:28:57,1
2016-11-10,11:13:47,1
2016-11-10,10:43:20,1
2016-11-10,10:42:39,1
2016-11-10,09:45:01,2
2016-11-10,07:17:34,1
2016-11-10,04:07:10,1
2016-11-09,19:57:08,1
2016-11-02,14:51:47,4
2016-10-31,12:59:49,1
2016-10-28,14:13:03,1
2016-10-12,16:05:26,1
2016-10-12,16:04:39,1
2016-10-12,12:23:16,1
2016-10-08,17:01:46,2
2016-10-08,16:42:17,1
2016-10-02,15:23:10,1
2016-10-02,15:13:13,3
2016-09-30,13:32:45,5
2016-09-30,13:25:15,3
2016-09-28,17:15:12,1
2016-09-28,17:03:22,1
2016-09-25,14:56:48,3
2016-09-18,15:15:13,1
2016-09-14,13:28:50,3
2016-09-14,13:19:17,1
2016-09-10,14:35:43,2
2016-09-10,14:35:05,0
2016-09-10,14:34:38,0
2016-09-04,08:48:22,2
2016-09-04,08:48:00,1
2016-09-02,16:13:46,0
2016-08-29,13:28:17,0
2016-08-28,16:11:47,2
2016-08-28,08:24:32,4
2016-08-27,14:10:54,4
2016-08-26,09:04:25,2
2016-08-21,16:10:15,4
2016-08-17,14:34:48,29
2016-08-17,09:46:39,0
2016-08-15,16:53:01,0
2016-07-28,16:55:31,4
2016-07-25,17:14:24,1
2016-07-25,17:14:18,1
2016-07-24,09:14:31,1
2016-07-18,14:45:01,0
2016-07-16,13:58:55,1
2016-07-16,13:54:47,0
2016-07-16,13:52:49,0
2016-07-04,15:01:16,0
2016-06-28,16:49:56,0
2016-06-15,15:31:57,2
2016-06-03,08:55:49,4
2016-06-03,08:43:45,1
2016-06-01,09:40:47,1
2016-05-28,13:53:32,2
2016-05-21,08:56:01,1
2016-05-19,14:11:12,1
2016-05-16,15:12:29,0
2016-05-14,09:37:12,0
2016-05-09,15:48:04,2
2016-05-08,15:18:57,1
2016-04-29,13:36:29,2
2016-04-29,09:55:40,1
2016-04-29,09:47:06,2
2016-04-21,14:46:06,3
2016-04-18,15:04:45,0
2016-04-11,14:26:12,0
2016-04-11,14:06:19,1
2016-04-05,13:33:22,1
2016-03-31,10:02:15,4
2016-03-25,15:05:34,0
2016-03-25,15:02:31,1
2016-03-25,14:22:53,1
2016-03-13,15:32:46,2
2016-03-13,14:55:21,1
2016-03-11,20:08:28,2
2016-03-10,15:49:52,0
2016-03-10,15:32:16,3
2016-03-08,17:55:35,1
2016-03-08,15:35:38,1
2016-03-08,14:40:33,1
2016-03-08,14:08:27,4
2016-03-08,14:04:34,3
2016-03-08,12:41:45,1
2016-03-06,14:20:59,1
2016-03-05,08:53:19,1
2016-02-18,15:51:51,1
2016-02-18,15:50:34,1
2016-02-18,15:39:09,1
2016-02-14,15:28:15,1
2016-02-14,14:08:13,7
2016-02-14,14:03:38,1
2016-02-03,17:02:26,2
2016-01-30,16:39:55,0
2016-01-30,14:39:47,0
2016-01-24,13:51:35,1
2016-01-22,15:41:11,1
2016-01-22,15:30:46,3
2016-01-16,16:59:30,2
2016-01-16,16:54:00,3
2016-01-15,13:02:35,4
2016-01-14,17:18:50,2
2016-01-14,17:01:02,0
2016-01-14,07:14:28,1
2016-01-11,13:37:10,1
2016-01-11,13:35:20,1
2016-01-11,13:31:17,5
2016-01-11,13:06:56,0
2016-01-07,06:43:02,0
2016-01-04,12:59:42,1
2016-01-02,16:02:53,3
2016-01-01,17:56:28,1
2016-01-01,03:24:43,1
2015-12-31,22:35:04,1
2015-12-31,14:09:26,1
2015-12-31,14:03:58,1
2015-12-31,11:12:28,1
2015-12-31,07:42:46,1
2015-12-12,10:40:56,0
2015-12-08,16:29:17,0
2015-12-08,13:46:27,0
2015-12-06,17:06:30,0
2015-11-27,12:22:54,4
2015-11-21,16:03:17,0
2015-11-21,16:03:00,0
2015-11-10,16:57:04,1
2015-11-10,16:36:23,1
2015-11-10,16:22:26,1
2015-11-10,13:51:32,1
2015-11-10,13:50:04,3
2015-11-10,13:35:57,1
2015-11-10,11:38:09,1
2015-11-10,08:39:57,1
2015-11-10,01:10:06,0
2015-10-31,15:22:09,1
2015-10-20,06:32:54,0
2015-08-25,14:10:06,0
2015-08-22,15:21:35,1
2015-08-18,16:22:00,0
2015-08-10,16:09:40,0
2015-08-04,09:58:37,1
2015-07-22,13:16:11,7
2015-07-15,18:14:56,1
2015-07-01,17:26:48,1
2015-07-01,17:05:20,0
2015-07-01,16:41:38,0
2015-06-30,16:23:37,0
2015-06-25,12:15:28,0
2015-06-24,15:45:57,0
2015-05-27,14:39:22,3
2015-05-09,14:38:19,0
2015-04-02,13:43:16,0
2015-03-31,09:05:29,1
2015-03-24,14:56:37,0
2015-03-17,09:04:51,0
2015-03-10,14:42:14,2
2015-03-08,18:46:22,1
2015-03-08,16:27:42,1
2015-03-08,11:12:43,1
2015-03-08,09:33:32,1
2015-03-08,08:29:12,1
2015-03-08,05:08:39,1
2015-03-08,03:53:11,1
2015-03-03,15:40:04,0
2015-02-14,07:43:37,1
2015-02-12,08:32:54,1
2015-02-11,16:19:36,0
2015-02-07,15:02:00,0
2015-02-05,17:14:09,0
2015-01-30,09:09:33,2
2015-01-26,14:55:47,0
2015-01-19,12:53:37,0
2015-01-19,12:51:04,0
2015-01-18,17:47:15,0
2015-01-18,13:25:50,0
2015-01-16,17:40:29,0
2015-01-16,10:06:42,0
2015-01-15,13:01:27,0
2015-01-12,15:45:43,0
2015-01-12,12:45:34,1
2015-01-12,12:42:36,0
2015-01-12,12:34:47,0
2015-01-10,14:37:48,0
2015-01-10,14:37:38,0
2015-01-10,14:23:12,0
2015-01-10,14:22:25,0
2015-01-10,13:54:20,0
2015-01-08,13:31:10,0
2015-01-08,08:28:33,0
2015-01-07,14:12:21,1
2015-01-07,02:57:53,1
2015-01-06,15:39:22,1
2015-01-06,09:20:08,0
2015-01-06,09:01:47,0
2015-01-06,08:54:15,0
2015-01-06,08:52:01,0
2015-01-06,08:47:55,0
2015-01-01,12:05:42,1
2015-01-01,09:18:55,1
2014-12-31,23:48:06,1
2014-12-31,13:40:54,1
2014-12-31,11:56:21,0
2014-12-31,11:46:55,0
2014-12-31,11:46:26,0
2014-12-31,10:42:31,1
2014-12-31,10:39:47,1
2014-12-31,10:23:44,0
2014-12-31,08:04:51,1
2014-12-30,20:40:50,1
2014-12-30,15:17:04,1
2014-12-30,06:47:57,0
2014-12-29,07:18:42,0
2014-12-29,07:18:05,1
2014-12-28,15:43:28,1
2014-12-28,15:30:24,0
2014-12-28,15:29:34,0
2014-12-26,14:25:51,1
2014-12-26,09:27:00,0
2014-12-26,09:23:07,0
2014-12-26,09:00:57,0
2014-12-24,08:14:49,0
2014-12-24,08:10:00,0
2014-12-23,15:40:12,3
2014-12-23,15:06:24,1
2014-12-23,15:02:08,0
2014-12-22,17:15:34,0
2014-12-22,14:33:16,0
2014-12-22,12:44:54,0
2014-12-18,08:26:10,0
2014-12-18,08:20:29,0
2014-12-17,09:27:46,0
2014-12-17,09:24:09,0
2014-12-17,09:22:41,0
2014-12-17,09:21:08,0
2014-12-17,09:13:25,0
2014-12-17,08:44:40,0
2014-12-15,13:50:28,1
2014-12-14,12:52:01,0
2014-12-14,12:51:15,0
2014-12-13,15:52:42,1
2014-12-13,07:44:03,1
2014-12-13,07:38:23,2
2014-12-13,07:38:05,0
2014-12-13,07:35:44,1
2014-12-13,07:35:18,0
2014-12-12,18:05:27,0
2014-12-12,11:33:19,0
2014-12-10,13:29:34,0
2014-12-10,06:45:34,0
2014-12-09,16:46:07,1
2014-12-09,08:15:00,1
2014-12-08,09:57:10,0
2014-12-07,08:23:57,2
2014-12-06,06:56:59,1
2014-12-06,06:55:41,0
2014-12-06,06:52:30,0
2014-12-06,06:41:29,0
2014-12-04,08:16:36,1
2014-12-04,08:16:08,0
2014-12-02,09:31:17,0
2014-12-02,09:27:13,2
2014-12-02,09:17:11,0
2014-12-02,09:12:16,1
2014-12-02,09:08:52,1
2014-12-01,07:29:24,1
2014-12-01,07:09:23,0
2014-12-01,07:08:28,0
2014-11-28,14:53:04,0
2014-11-28,14:39:00,1
2014-11-28,14:37:25,1
2014-11-27,09:26:18,3
2014-11-24,15:33:36,2
2014-11-23,08:39:04,0
2014-11-23,08:22:42,0
2014-11-21,08:25:21,0
2014-11-21,08:10:29,0
2014-11-19,09:08:54,0
2014-11-18,07:01:25,0
2014-11-17,08:35:16,0
2014-11-17,08:27:41,0
2014-11-17,08:25:12,0
2014-11-17,08:20:51,0
2014-11-15,12:22:31,1
2014-11-15,12:20:04,0
2014-11-14,10:07:58,1
2014-11-13,14:17:10,5
2014-11-12,06:49:43,1
2014-11-10,20:04:41,1
2014-11-10,17:57:05,1
2014-11-10,17:51:12,1
2014-11-10,15:17:29,0
2014-11-10,14:59:46,0
2014-11-10,14:48:19,0
2014-11-10,14:44:54,1
2014-11-10,12:18:35,1
2014-11-10,10:30:08,1
2014-11-10,10:29:33,1
2014-11-10,10:25:21,1
2014-11-10,10:24:35,1
2014-11-10,10:23:38,1
2014-11-10,10:23:00,1
2014-11-10,09:57:20,1
2014-11-10,08:55:53,1
2014-11-10,07:25:46,2
2014-11-10,07:23:32,2
2014-11-10,04:30:58,1
2014-11-10,04:10:33,1
2014-11-09,20:03:44,1
2014-11-09,17:12:07,1
2014-11-09,17:09:11,1
2014-11-06,10:25:05,1
2014-11-06,10:23:11,1
2014-11-06,10:22:02,1
2014-11-06,09:54:31,0
2014-11-06,09:52:41,0
2014-11-06,09:12:36,0
2014-11-03,07:24:07,0
2014-10-31,16:22:16,1
2014-10-31,09:29:40,0
2014-10-31,09:19:13,0
2014-10-31,09:12:44,2
2014-10-31,08:29:14,0
2014-10-30,14:45:11,0
2014-10-29,08:26:49,0
2014-10-28,06:40:32,1
2014-10-16,08:49:27,0
2014-10-15,12:35:16,0
2014-10-15,12:35:00,0
2014-10-15,12:17:52,0
2014-10-15,12:01:43,1
2014-10-15,11:47:04,0
2014-10-12,16:17:08,2
2014-10-12,16:05:46,0
2014-10-12,16:04:42,0
2014-10-12,16:01:42,0
2014-10-12,15:40:41,0
2014-10-08,08:24:32,0
2014-10-08,08:18:46,0
2014-10-05,08:04:08,0
2014-10-05,07:12:09,0
2014-10-02,08:09:42,0
2014-10-02,08:06:39,0
2014-10-02,07:38:05,0
2014-10-01,16:01:29,0
2014-09-30,14:30:35,0
2014-09-30,11:58:39,0
2014-09-28,12:03:45,0
2014-09-28,11:58:35,0
2014-09-28,10:57:25,0
2014-09-27,09:10:46,0
2014-09-27,09:09:48,0
2014-09-27,09:07:04,0
2014-09-27,09:00:00,0
2014-09-25,09:01:39,0
2014-09-25,08:58:30,0
2014-09-19,12:04:13,1
2014-09-18,14:09:08,0
2014-09-18,13:34:52,0
2014-09-18,13:11:57,0
2014-09-18,13:06:37,1
2014-09-16,12:42:14,0
2014-09-16,12:14:26,1
2014-09-14,13:33:48,0
2014-09-14,08:07:44,0
2014-09-14,07:44:35,0
2014-09-14,07:37:39,0
2014-09-09,09:10:13,1
2014-09-09,09:10:05,1
2014-09-04,08:38:26,0
2014-09-04,08:32:12,0
2014-09-04,08:09:30,0
2014-09-04,08:06:07,0
2014-09-04,08:03:54,0
2014-08-31,12:33:33,0
2014-08-31,12:07:20,0
2014-08-29,13:53:00,0
2014-08-26,11:55:32,0
2014-08-20,12:30:59,0
2014-08-20,12:13:29,0
2014-08-20,12:02:05,0
2014-08-19,14:29:38,1
2014-08-19,14:22:33,0
2014-08-18,16:07:25,0
2014-08-18,12:44:11,0
2014-08-18,12:00:14,0
2014-08-15,13:03:09,1
2014-08-14,11:13:17,0
2014-08-12,11:58:51,0
2014-08-12,11:51:50,0
2014-08-12,11:38:33,0
2014-08-12,11:28:38,0
2014-08-10,13:25:53,0
2014-08-10,06:57:48,0
2014-08-10,06:57:22,0
2014-08-09,08:18:08,0
2014-08-05,13:01:45,0
2014-08-03,12:37:05,0
2014-08-01,12:21:02,0
2014-08-01,12:16:42,0
2014-07-31,12:02:34,0
2014-07-31,11:56:08,0
2014-07-30,13:03:00,0
2014-07-30,12:51:06,0
2014-07-30,12:47:37,0
2014-07-28,13:21:35,0
2014-07-26,12:41:33,0
2014-07-26,11:49:27,0
2014-07-25,12:26:38,0
2014-07-24,16:28:09,0
2014-07-22,13:18:10,0
2014-07-21,12:52:41,0
2014-07-20,13:02:27,0
2014-07-20,12:53:20,0
2014-07-20,12:40:41,0
2014-07-20,12:39:12,0
2014-07-17,14:22:54,0
2014-07-17,13:53:19,0
2014-07-17,13:44:14,0
2014-07-17,13:44:10,0
2014-07-17,13:44:05,0
2014-07-17,13:43:57,0
2014-07-17,12:58:01,0
2014-07-16,15:44:41,0
2014-07-14,14:14:43,0
2014-07-14,13:58:26,0
2014-07-13,12:58:11,0
2014-07-13,12:35:14,0
2014-07-09,16:18:46,0
2014-07-09,16:07:39,0
2014-07-09,15:30:05,0
2014-07-09,15:11:51,0
2014-07-09,15:11:08,0
2014-07-08,12:27:15,0
2014-07-08,12:26:28,0
2014-07-07,13:39:18,0
2014-07-05,14:41:08,1
2014-07-05,14:11:52,1
2014-07-05,12:45:06,0
2014-07-05,12:34:51,0
2014-07-05,12:32:25,0
2014-07-02,08:04:45,0
2014-07-02,07:52:50,0
2014-07-02,07:49:55,0
2014-07-02,07:48:39,0
2014-06-30,15:55:55,3
2014-06-28,12:46:32,0
2014-06-24,14:47:54,0
2014-06-22,13:58:40,1
2014-06-22,13:53:27,0
2014-06-22,13:39:26,0
2014-06-22,13:39:09,1
2014-06-22,13:15:10,0
2014-06-22,13:06:53,0
2014-06-20,14:30:38,0
2014-06-20,14:12:35,0
2014-06-18,13:23:32,0
2014-06-16,16:21:31,1
2014-06-15,12:27:32,0
2014-06-10,13:41:37,0
2014-06-10,13:28:17,0
2014-06-10,13:27:50,0
2014-06-10,13:27:06,0
2014-06-08,16:37:40,0
2014-06-08,16:37:21,0
2014-06-08,13:56:16,0
2014-06-04,09:30:26,0
2014-06-03,13:05:34,0
2014-06-03,12:54:52,0
2014-05-31,14:06:11,0
2014-05-31,13:13:04,2
2014-05-31,12:43:47,0
2014-05-29,14:12:22,0
2014-05-29,13:56:03,0
2014-05-29,13:25:12,0
2014-05-29,12:44:48,0
2014-05-26,12:24:27,0
2014-05-25,14:14:40,0
2014-05-25,14:07:26,0
2014-05-25,14:05:51,1
2014-05-23,13:43:21,0
2014-05-23,13:08:37,0
2014-05-23,12:47:23,0
2014-05-22,16:36:22,0
2014-05-21,14:51:07,0
2014-05-21,14:46:53,0
2014-05-19,17:11:51,1
2014-05-17,14:25:45,1
2014-05-17,13:52:38,0
2014-05-15,17:23:18,0
2014-05-15,15:23:11,0
2014-05-15,14:52:25,0
2014-05-15,14:37:36,0
2014-05-15,14:29:34,0
2014-05-15,13:45:00,1
2014-05-13,13:24:00,0
2014-05-13,06:27:01,0
2014-05-13,06:20:57,0
2014-05-11,11:21:40,0
2014-05-11,11:17:41,0
2014-05-09,13:36:14,0
2014-05-09,12:06:48,0
2014-05-08,08:06:35,0
2014-05-08,07:53:21,0
2014-05-08,07:50:42,0
2014-05-08,07:02:08,0
2014-05-08,06:50:16,0
2014-05-08,06:47:00,0
2014-05-03,16:37:51,1
2014-05-03,16:37:43,0
2014-05-02,17:29:00,1
2014-05-02,10:01:28,0
2014-05-02,09:42:04,1
2014-05-02,09:39:07,0
2014-05-02,09:35:42,0
2014-05-02,09:18:31,1
2014-05-01,13:31:42,1
2014-05-01,13:00:09,1
2014-05-01,11:57:10,0
2014-05-01,11:52:39,0
2014-04-29,12:59:04,0
2014-04-29,12:49:30,0
2014-04-29,12:29:33,0
2014-04-29,12:28:12,0
2014-04-29,12:16:35,0
2014-04-28,11:09:01,2
2014-04-25,13:58:09,0
2014-04-25,13:07:17,0
2014-04-24,11:51:00,1
2014-04-23,14:02:21,0
2014-04-22,14:17:13,0
2014-04-20,15:52:55,1
2014-04-20,14:29:18,0
2014-04-20,14:23:00,0
2014-04-20,14:04:58,0
2014-04-17,07:45:02,0
2014-04-17,07:18:23,0
2014-04-16,14:53:33,0
2014-04-13,13:16:18,0
2014-04-13,12:22:40,0
2014-04-13,11:36:27,1
2014-04-13,11:15:55,0
2014-04-13,11:13:39,0
2014-04-13,11:07:09,1
2014-04-13,11:05:30,0
2014-04-11,12:13:49,0
2014-04-09,15:22:15,0
2014-04-09,12:27:36,0
2014-04-08,07:09:29,0
2014-04-07,10:24:45,1
2014-04-07,06:31:50,1
2014-04-06,14:00:43,0
2014-04-06,13:48:21,0
2014-04-06,13:47:51,0
2014-04-06,13:44:43,0
2014-04-05,08:25:56,0
2014-04-05,07:33:30,0
2014-04-04,07:20:12,0
2014-04-02,18:11:59,1
2014-04-02,12:46:48,1
2014-03-31,12:00:44,2
2014-03-31,11:54:38,0
2014-03-31,11:53:51,0
2014-03-31,11:38:04,0
2014-03-30,14:23:05,0
2014-03-30,12:22:44,0
2014-03-27,04:17:22,0
2014-03-27,04:16:15,0
2014-03-27,03:58:27,0
2014-03-27,03:54:10,0
2014-03-24,14:24:26,0
2014-03-24,14:15:53,0
2014-03-24,10:28:48,0
2014-03-22,12:27:17,0
2014-03-20,13:48:41,0
2014-03-20,13:36:13,0
2014-03-20,13:23:20,0
2014-03-16,13:42:31,0
2014-03-16,13:13:23,0
2014-03-15,12:26:10,0
2014-03-14,12:32:24,0
2014-03-14,12:27:10,0
2014-03-12,13:44:51,0
2014-03-12,08:22:26,0
2014-03-12,08:19:36,0
2014-03-11,15:40:38,0
2014-03-11,13:27:49,0
2014-03-11,08:21:14,0
2014-03-10,11:53:01,0
2014-03-08,17:09:31,1
2014-03-08,14:20:32,1
2014-03-08,09:39:50,1
2014-03-08,08:20:08,1
2014-03-08,07:22:10,1
2014-03-07,21:21:00,1
2014-03-07,16:26:30,1
2014-03-06,14:19:27,0
2014-03-06,13:24:30,0
2014-03-06,13:21:29,0
2014-03-06,07:31:59,0
2014-03-05,16:40:59,1
2014-03-04,13:29:09,0
2014-03-04,13:12:05,0
2014-03-01,14:49:38,0
2014-03-01,14:28:52,0
2014-03-01,14:09:42,0
2014-02-27,12:19:11,0
2014-02-24,12:44:56,1
2014-02-24,11:55:39,0
2014-02-24,11:55:00,0
2014-02-24,11:48:07,0
2014-02-24,11:46:59,0
2014-02-24,11:40:45,0
2014-02-24,11:39:01,0
2014-02-24,11:33:18,0
2014-02-24,11:20:34,0
2014-02-24,10:59:39,0
2014-02-18,08:03:20,1
2014-02-17,07:12:52,1
2014-02-17,07:07:47,0
2014-02-17,07:03:49,0
2014-02-14,16:48:10,1
2014-02-14,15:51:37,0
2014-02-14,15:42:32,0
2014-02-14,15:38:44,1
2014-02-06,12:38:40,0
2014-02-06,12:36:48,0
2014-02-05,15:06:55,1
2014-02-05,15:02:21,1
2014-02-05,14:55:40,1
2014-02-05,14:45:58,1
2014-02-03,13:16:09,0
2014-02-03,13:16:00,1
2014-02-03,13:15:55,0
2014-02-03,08:20:39,0
2014-02-01,14:59:39,0
2014-01-29,13:52:29,1
2014-01-28,12:24:45,0
2014-01-25,13:09:26,0
2014-01-25,07:06:38,0
2014-01-25,06:50:01,0
2014-01-24,11:17:33,0
2014-01-24,11:15:51,0
2014-01-24,10:55:13,0
2014-01-23,08:03:32,0
2014-01-23,08:03:05,0
2014-01-14,04:56:14,0
2014-01-13,12:07:48,0
2014-01-11,08:30:24,0
2014-01-11,08:18:14,0
2014-01-11,07:49:12,0
2014-01-11,07:48:57,0
2014-01-11,07:23:41,0
2014-01-08,12:07:45,0
2014-01-08,11:42:47,1
2014-01-07,12:22:13,0
2014-01-03,07:39:08,1
2014-01-03,07:30:04,0
2014-01-01,16:01:44,0
2014-01-01,06:00:39,1
2014-01-01,05:56:55,1
2014-01-01,05:42:23,0
2014-01-01,05:40:41,1
2014-01-01,05:28:23,1
2014-01-01,05:23:31,1
2013-12-31,17:20:48,1
2013-12-31,16:23:28,1
2013-12-31,15:59:56,1
2013-12-31,15:50:28,1
2013-12-31,15:49:24,1
2013-12-31,14:53:24,1
2013-12-31,09:17:32,1
2013-12-31,08:23:33,1
2013-12-31,07:54:17,1
2013-12-31,07:15:08,1
2013-12-31,04:14:00,0
2013-12-29,12:30:08,0
2013-12-28,11:12:33,0
2013-12-27,16:11:09,0
2013-12-27,08:00:08,0
2013-12-26,12:40:20,0
2013-12-25,13:40:00,0
2013-12-25,13:24:52,0
2013-12-24,06:19:46,1
2013-12-22,12:06:14,0
2013-12-21,06:28:12,1
2013-12-21,06:22:57,1
2013-12-20,05:34:21,0
2013-12-19,11:58:00,0
2013-12-19,06:13:27,0
2013-12-18,07:57:33,0
2013-12-16,06:04:13,0
2013-12-16,05:58:48,0
2013-12-15,11:54:48,0
2013-12-14,12:29:37,0
2013-12-12,14:13:33,0
2013-12-12,13:28:43,0
2013-12-12,13:26:51,0
2013-12-11,07:46:40,0
2013-12-10,13:45:51,0
2013-12-09,15:14:08,0
2013-12-09,15:09:24,0
2013-12-09,04:45:35,0
2013-12-07,07:55:34,2
2013-12-04,06:47:04,0
2013-12-02,11:10:49,0
2013-12-02,07:41:30,0
2013-12-02,06:57:54,0
2013-12-01,07:40:00,0
2013-11-30,12:27:46,0
2013-11-29,16:16:20,0
2013-11-29,09:05:45,1
2013-11-28,14:24:53,0
2013-11-28,14:23:09,0
2013-11-28,05:12:27,1
2013-11-27,06:29:13,0
2013-11-27,06:27:48,0
2013-11-26,06:06:53,0
2013-11-24,07:50:23,0
2013-11-23,15:28:56,1
2013-11-23,07:20:43,5
2013-11-22,07:12:45,0
2013-11-20,12:15:16,0
2013-11-20,12:12:08,0
2013-11-20,12:11:37,0
2013-11-20,04:52:30,0
2013-11-19,04:14:37,0
2013-11-16,10:47:40,0
2013-11-15,07:17:31,1
2013-11-14,14:56:00,0
2013-11-14,05:29:59,0
2013-11-12,14:25:17,0
2013-11-12,05:17:14,1
2013-11-12,05:13:55,0
2013-11-10,15:13:33,1
2013-11-10,09:47:55,1
2013-11-10,08:36:13,1
2013-11-10,08:23:21,1
2013-11-10,08:17:12,1
2013-11-10,08:16:42,1
2013-11-10,08:16:04,1
2013-11-10,08:15:19,1
2013-11-10,08:14:07,1
2013-11-10,08:12:37,1
2013-11-10,08:11:20,1
2013-11-10,07:40:04,1
2013-11-10,04:39:35,1
2013-11-10,04:37:45,0
2013-11-09,16:59:37,1
2013-11-09,05:09:53,0
2013-11-06,11:20:38,0
2013-11-06,11:14:37,0
2013-11-06,11:08:50,1
2013-11-06,11:08:46,0
2013-11-04,06:25:13,0
2013-11-03,12:58:57,0
2013-11-01,12:54:43,0
2013-10-31,16:09:24,0
2013-10-30,04:31:36,0
2013-10-29,07:06:48,0
2013-10-29,06:46:41,0
2013-10-29,06:42:19,0
2013-10-28,06:42:29,0
2013-10-28,06:42:16,0
2013-10-27,12:30:08,0
2013-10-27,07:22:34,1
2013-10-25,13:37:34,1
2013-10-25,13:36:19,1
2013-10-25,13:35:52,2
2013-10-24,12:32:24,2
2013-10-22,05:19:18,0
2013-10-21,05:36:18,0
2013-10-21,05:28:20,1
2013-10-19,12:33:40,0
2013-10-14,08:19:12,0
2013-10-14,08:18:00,1
2013-10-10,12:38:57,0
2013-10-09,11:48:53,0
2013-10-09,11:30:50,0
2013-10-08,14:57:39,0
2013-10-07,16:05:05,0
2013-10-07,07:38:41,0
2013-10-07,06:43:06,0
2013-10-07,06:22:42,0
2013-10-04,07:53:19,0
2013-10-04,07:46:09,0
2013-10-04,07:38:20,0
2013-10-04,07:35:04,1
2013-10-04,07:34:01,1
2013-09-29,06:36:49,0
2013-09-29,06:28:52,0
2013-09-29,06:28:00,1
2013-09-27,16:12:00,0
2013-09-27,16:09:13,0
2013-09-26,12:19:00,0
2013-09-26,12:04:43,0
2013-09-26,12:02:49,0
2013-09-24,05:14:38,1
2013-09-22,12:53:25,0
2013-09-21,07:09:26,1
2013-09-21,06:12:48,0
2013-09-19,15:09:16,0
2013-09-18,07:52:53,0
2013-09-18,07:32:16,0
2013-09-18,07:19:19,0
2013-09-14,06:38:27,0
2013-09-12,14:01:51,1
2013-09-08,04:53:28,0
2013-09-08,04:50:50,0
2013-09-08,04:46:15,1
2013-09-08,04:39:05,0
2013-08-20,14:58:17,0
2013-08-20,14:58:00,0
2013-08-20,14:53:08,0
2013-08-20,13:37:49,0
2013-08-20,13:36:25,1
2013-08-07,09:05:42,0
2013-08-07,08:52:42,0
2013-08-06,15:18:48,2
2013-08-06,15:11:24,2
2013-08-06,15:00:36,2
2013-08-06,14:59:04,1
2013-07-26,14:46:04,1
2013-07-21,15:58:20,1
2013-07-12,16:41:47,0
2013-07-12,14:17:35,0
2013-07-03,12:33:14,0
2013-07-03,12:30:37,0
2013-07-01,14:33:46,0
2013-06-28,14:47:08,0
2013-06-25,14:28:53,0
2013-06-23,17:48:12,2
2013-06-23,17:29:08,1
2013-06-23,15:46:33,1
2013-06-21,13:55:57,1
2013-06-21,13:55:49,0
2013-06-20,12:47:42,0
2013-06-20,07:45:25,1
2013-06-18,13:19:31,2
2013-06-18,13:12:08,0
2013-06-16,14:06:08,0
2013-06-16,13:22:08,0
2013-06-14,14:10:25,0
2013-06-14,14:09:00,0
2013-06-14,14:08:12,1
2013-06-12,07:55:52,0
2013-06-12,07:55:19,0
2013-06-12,06:48:52,1
2013-06-12,06:40:57,1
2013-06-12,06:26:51,0
2013-06-12,06:23:36,0
2013-06-12,06:22:42,0
2013-06-12,06:22:00,0
2013-06-12,06:06:40,1
2013-06-11,09:24:48,1
2013-06-10,16:02:34,1
2013-06-10,12:24:15,0
2013-06-05,13:36:16,1
2013-06-04,13:51:04,1
2013-06-04,13:47:34,1
2013-06-04,12:50:34,1
2013-06-03,16:11:40,3
2013-06-02,16:44:25,0
2013-06-02,12:31:05,0
2013-05-31,14:53:18,0
2013-05-31,14:49:06,0
2013-05-29,16:37:49,0
2013-05-28,12:30:20,0
2013-05-23,11:48:17,1
2013-05-23,11:27:56,1
2013-05-21,15:36:48,0
2013-05-21,15:33:25,0
2013-05-21,15:24:00,1
2013-05-21,14:07:54,1
2013-05-21,14:06:12,0
2013-05-19,04:20:30,2
2013-05-17,14:01:29,0
2013-05-17,14:01:16,1
2013-05-17,13:53:22,2
2013-05-14,16:40:55,1
2013-05-14,16:34:28,0
2013-05-09,12:08:41,0
2013-05-09,12:08:37,0
2013-05-06,14:41:45,0
2013-05-04,14:03:42,0
2013-05-04,14:02:54,0
2013-05-02,15:54:09,1
2013-05-01,14:47:13,1
2013-04-30,18:31:44,1
2013-04-28,13:54:45,1
2013-04-28,13:54:33,1
2013-04-26,15:04:48,0
2013-04-25,08:12:28,0
2013-04-24,12:16:12,3
2013-04-24,12:12:18,0
2013-04-22,07:38:34,1
2013-04-20,15:47:43,0
2013-04-20,15:40:06,0
2013-04-20,15:38:59,0
2013-04-20,15:38:39,1
2013-04-13,14:32:35,0
2013-04-12,12:34:25,0
2013-04-10,14:41:04,2
2013-04-10,10:31:42,2
2013-04-07,12:10:07,1
2013-04-06,10:08:06,0
2013-04-06,09:59:54,0
2013-04-05,14:12:41,1
2013-04-05,12:31:19,1
2013-04-05,12:23:44,0
2013-04-03,12:03:34,0
2013-04-03,12:01:28,0
2013-03-30,12:28:55,0
2013-03-28,05:44:23,0
2013-03-27,06:21:04,0
2013-03-23,12:54:00,1
2013-03-22,15:39:28,0
2013-03-16,13:14:38,0
2013-03-15,08:41:23,1
2013-03-12,06:05:20,0
2013-03-09,09:22:37,1
2013-03-08,17:33:48,1
2013-03-08,17:03:48,1
2013-03-08,16:18:32,1
2013-03-08,14:54:49,1
2013-03-08,14:22:17,1
2013-03-08,13:36:00,1
2013-03-08,08:26:04,1
2013-03-04,05:09:37,0
2013-03-03,15:57:04,0
2013-03-01,17:05:33,1
2013-02-18,03:59:39,0
2013-02-14,06:21:24,1
2013-02-07,06:25:17,1
2013-02-07,06:06:09,0
2013-02-07,06:03:49,1
2013-01-31,08:45:38,0
2013-01-31,08:43:34,0
2013-01-25,07:10:49,0
2013-01-21,11:53:04,0
2013-01-21,11:51:20,1
2013-01-21,11:48:22,0
2013-01-21,11:43:04,0
2013-01-21,11:42:35,2
2013-01-21,11:41:49,1
2013-01-21,11:36:42,2
2013-01-21,11:28:00,0
2013-01-20,11:59:46,0
2013-01-16,10:23:39,1
2013-01-14,08:29:32,2
2013-01-09,12:37:00,1
2013-01-08,15:42:16,0
2013-01-07,13:02:20,0
2013-01-07,12:59:04,0
2013-01-07,12:50:16,0
2013-01-04,12:57:30,1
2013-01-04,09:56:12,10
2013-01-04,08:53:17,3
2013-01-03,11:47:16,1
2013-01-02,12:34:50,1
2013-01-02,12:34:28,1
2013-01-01,13:20:50,1
2013-01-01,13:14:40,1
2013-01-01,11:04:21,1
2012-12-31,18:11:08,1
2012-12-31,13:54:41,1
2012-12-31,12:35:36,1
2012-12-31,11:01:48,1
2012-12-31,10:38:32,1
2012-12-31,09:20:28,1
2012-12-31,08:32:44,1
2012-12-31,07:32:44,3
2012-12-30,07:58:45,1
2012-12-25,09:29:38,1
2012-12-22,11:33:16,0
2012-12-22,11:27:41,0
2012-12-21,05:06:45,0
2012-12-17,09:22:16,1
2012-12-13,08:07:16,0
2012-12-13,07:17:40,1
2012-12-07,14:12:56,0
2012-12-05,10:46:56,1
2012-12-05,10:34:42,1
2012-12-05,07:04:09,1
2012-12-04,04:41:00,1
2012-12-02,11:46:25,1
2012-11-19,08:11:33,1
2012-11-19,07:33:14,1
2012-11-11,16:04:34,1
2012-11-09,23:59:26,1
2012-11-09,20:02:35,1
2012-11-05,12:58:08,1
2012-11-05,10:16:08,1
2012-11-05,10:08:56,1
2012-11-02,03:37:55,2
2012-10-30,14:45:28,0
2012-10-30,14:40:48,0
2012-10-29,17:48:24,0
2012-10-29,12:46:29,0
2012-10-20,07:38:54,1
2012-10-20,07:36:22,1
2012-10-17,12:23:29,1
2012-10-04,13:12:35,0
2012-09-29,16:22:36,0
2012-09-27,11:29:55,1
2012-09-25,14:31:17,1
2012-09-22,14:31:50,0
2012-09-22,14:30:43,0
2012-09-22,14:29:51,0
2012-09-22,14:07:37,0
2012-09-22,13:29:09,0
2012-09-22,13:08:38,1
2012-09-20,05:08:21,2
2012-09-20,04:40:39,1
2012-09-10,06:10:20,1
2012-09-10,05:41:01,22
2012-09-07,03:58:21,1
2012-09-06,13:15:00,0
2012-09-04,06:18:30,0
2012-09-03,13:45:10,0
2012-09-03,08:20:00,0
2012-09-03,08:15:55,0
2012-09-03,08:12:42,0
2012-09-03,06:32:33,5
2012-08-17,07:42:51,1
2012-08-17,07:42:23,3
2012-08-17,07:41:46,1
2012-08-17,07:41:24,1
2012-08-17,07:40:41,1
2012-08-17,07:40:00,1
2012-08-01,10:59:44,0
2012-07-23,15:57:31,0
2012-07-23,15:57:14,0
2012-07-12,14:13:33,1
2012-07-10,18:15:33,0
2012-07-09,17:42:10,1
2012-07-09,16:57:00,1
2012-07-09,16:56:56,1
2012-07-04,10:01:16,1
2012-07-02,13:10:43,0
2012-07-02,13:10:34,0
2012-07-02,13:10:29,0
2012-06-23,16:55:34,1
2012-06-23,16:45:51,2
2012-06-23,16:44:10,1
2012-06-23,16:42:42,1
2012-06-09,13:54:13,0
2012-05-27,23:14:26,2
2012-05-21,06:13:40,2
2012-05-21,05:27:54,7
2012-05-18,11:31:35,1
2012-05-09,13:10:43,0
2012-05-01,13:41:12,1
2012-03-09,03:05:52,1
2012-03-09,03:04:06,1
2012-03-08,14:48:52,0
2012-03-08,14:16:36,0
2012-03-08,09:15:28,1
2012-03-08,09:00:48,1
2012-03-08,08:40:28,1
2012-03-08,07:25:16,1
2012-03-07,14:49:53,0
2012-01-13,13:38:21,1
2012-01-13,13:29:30,1
2012-01-12,13:02:28,1
2012-01-12,13:01:20,1
2012-01-12,12:53:15,0
2012-01-06,18:06:00,1
2012-01-04,04:09:51,7
2011-12-31,17:08:21,0
2011-12-31,12:12:20,0
2011-12-31,11:51:48,0
2011-12-31,11:48:24,0
2011-12-31,09:56:04,0
2011-12-29,20:10:45,0
2011-09-24,12:33:11,0
2011-08-30,19:20:09,0
2011-08-11,19:01:20,0
2011-07-24,14:12:00,0
2011-07-24,14:11:28,1
2011-06-23,16:23:05,1
2011-06-19,09:09:37,1
2011-06-01,21:57:03,0
2011-05-23,18:33:28,0
2011-05-23,14:11:32,11
2011-05-14,09:58:08,0
2011-05-14,09:57:33,0
2011-05-08,20:58:55,0
2011-03-20,19:51:40,0
2011-03-09,13:01:25,0
2011-03-08,18:52:12,0
2011-03-08,13:42:20,0
2011-03-08,08:08:00,0
2011-03-08,07:08:48,0
2011-03-08,07:06:48,0
2011-03-01,18:35:30,0
2011-02-14,11:44:12,0
2011-02-12,20:03:00,0
2011-02-09,17:26:09,1
2011-02-09,17:06:12,1
2011-01-23,10:54:49,1
2011-01-13,13:41:31,0
2011-01-10,21:14:55,1
2011-01-05,09:10:26,0
2011-01-04,10:38:36,0
2011-01-03,12:41:12,0
2011-01-03,12:09:04,1
2011-01-03,05:02:00,0
2010-12-31,19:52:57,0
2010-12-31,12:10:53,0
2010-12-31,10:14:20,0
2010-12-31,07:59:38,0
2010-12-03,14:51:04,1
2010-12-02,22:27:22,1
2010-12-02,22:22:40,1
2010-11-29,21:48:42,0
2010-11-17,16:53:30,1
2010-09-25,19:22:36,1
2010-09-25,19:22:19,1
2010-07-18,08:37:55,1
2010-07-18,08:37:40,1
2010-07-17,12:24:33,0
2010-07-09,12:13:43,0
2010-06-23,10:06:20,0
2010-05-23,16:38:10,0
2010-05-09,15:50:27,0
2010-05-09,15:39:14,0
2010-05-09,15:27:16,0
2010-03-13,04:11:50,0
2010-03-09,09:03:09,0
2010-03-08,19:29:21,0
2010-03-08,16:02:34,0
2010-03-08,09:52:51,0
2010-03-08,09:31:44,0
2010-03-08,06:36:27,0
2010-03-08,05:49:30,0
2010-03-08,00:53:24,0
2010-03-08,00:51:08,0
2010-03-07,20:03:12,0
2010-03-07,20:02:01,0
2010-03-07,19:41:16,0
2010-03-07,17:01:21,0
2010-03-07,16:42:25,0
2010-03-07,16:22:10,0
2010-03-07,09:17:34,0
2010-03-07,07:47:01,0
2010-03-07,07:06:56,0
